purchase_id,customer_id,product_id,purchase_date,purchase_amount
PUR0001,CUST001,PROD014,2023-11-06,157.2
PUR0002,CUST001,PROD040,2024-04-23,25.01
PUR0003,CUST001,PROD037,2023-10-08,488.76
PUR0004,CUST001,PROD038,2023-10-30,96.52
PUR0005,CUST002,PROD038,2023-12-02,64.84
PUR0006,CUST002,PROD020,2024-03-03,152.36
PUR0007,CUST002,PROD017,2024-02-16,379.64
PUR0008,CUST002,PROD015,2024-02-13,268.37
PUR0009,CUST002,PROD023,2023-12-31,238.46
PUR0010,CUST002,PROD039,2023-09-15,284.0
PUR0011,CUST003,PROD001,2023-10-26,480.47
PUR0012,CUST003,PROD006,2023-10-17,218.19
PUR0013,CUST003,PROD022,2024-07-26,316.37
PUR0014,CUST004,PROD023,2024-01-11,342.93
PUR0015,CUST004,PROD005,2023-12-15,153.82
PUR0016,CUST004,PROD033,2024-03-01,129.0
PUR0017,CUST004,PROD024,2024-08-20,120.49
PUR0018,CUST004,PROD037,2024-01-02,377.93
PUR0019,CUST005,PROD046,2024-07-12,132.83
PUR0020,CUST005,PROD008,2024-02-19,121.51
PUR0021,CUST005,PROD012,2024-03-25,258.84
PUR0022,CUST005,PROD002,2023-12-03,275.65
PUR0023,CUST006,PROD012,2023-11-11,69.53
PUR0024,CUST006,PROD015,2023-10-23,117.43
PUR0025,CUST006,PROD019,2024-08-04,349.39
PUR0026,CUST006,PROD022,2024-07-29,35.53
PUR0027,CUST006,PROD029,2023-11-23,39.01
PUR0028,CUST006,PROD017,2024-06-11,64.34
PUR0029,CUST007,PROD042,2023-10-15,328.45
PUR0030,CUST007,PROD050,2024-08-03,180.94
PUR0031,CUST007,PROD031,2024-08-11,156.19
PUR0032,CUST007,PROD029,2024-05-07,180.26
PUR0033,CUST007,PROD030,2024-04-23,331.03
PUR0034,CUST007,PROD035,2023-10-11,435.2
PUR0035,CUST007,PROD029,2023-11-14,174.46
PUR0036,CUST007,PROD010,2024-04-12,488.75
PUR0037,CUST008,PROD033,2023-11-22,425.25
PUR0038,CUST008,PROD028,2023-12-22,322.28
PUR0039,CUST008,PROD038,2023-12-09,166.27
PUR0040,CUST008,PROD001,2023-12-21,33.64
PUR0041,CUST008,PROD020,2024-07-20,97.83
PUR0042,CUST008,PROD040,2024-06-27,290.03
PUR0043,CUST008,PROD022,2024-01-25,306.65
PUR0044,CUST009,PROD032,2024-02-16,472.44
PUR0045,CUST009,PROD035,2024-01-05,232.76
PUR0046,CUST009,PROD022,2024-08-23,72.1
PUR0047,CUST009,PROD031,2023-12-15,21.97
PUR0048,CUST009,PROD039,2023-11-21,107.63
PUR0049,CUST010,PROD003,2023-12-30,421.5
PUR0050,CUST010,PROD038,2024-01-02,459.76
PUR0051,CUST010,PROD018,2023-09-26,123.26
PUR0052,CUST010,PROD027,2024-01-04,450.35
PUR0053,CUST010,PROD038,2024-08-09,220.22
PUR0054,CUST010,PROD033,2023-10-12,463.44
PUR0055,CUST011,PROD030,2024-03-23,364.12
PUR0056,CUST011,PROD040,2024-06-12,320.41
PUR0057,CUST011,PROD007,2024-05-26,90.38
PUR0058,CUST011,PROD021,2024-02-18,146.76
PUR0059,CUST011,PROD007,2024-01-23,55.88
PUR0060,CUST011,PROD016,2024-04-17,275.46
PUR0061,CUST011,PROD011,2023-12-16,466.91
PUR0062,CUST011,PROD010,2023-11-11,122.61
PUR0063,CUST011,PROD036,2024-07-05,419.1
PUR0064,CUST011,PROD039,2024-02-27,95.47
PUR0065,CUST012,PROD045,2024-03-04,82.61
PUR0066,CUST012,PROD012,2024-03-03,100.53
PUR0067,CUST012,PROD010,2023-10-04,497.87
PUR0068,CUST012,PROD030,2023-11-04,365.96
PUR0069,CUST012,PROD028,2023-12-31,421.99
PUR0070,CUST012,PROD040,2024-07-26,207.77
PUR0071,CUST012,PROD018,2024-04-10,155.35
PUR0072,CUST013,PROD007,2024-01-28,382.58
PUR0073,CUST014,PROD022,2024-08-12,207.54
PUR0074,CUST014,PROD017,2024-02-20,236.55
PUR0075,CUST014,PROD013,2024-01-13,52.48
PUR0076,CUST014,PROD026,2024-03-16,314.0
PUR0077,CUST014,PROD042,2024-01-13,416.38
PUR0078,CUST014,PROD020,2024-03-22,142.62
PUR0079,CUST014,PROD041,2024-04-02,306.54
PUR0080,CUST014,PROD003,2024-04-11,239.61
PUR0081,CUST014,PROD048,2024-04-14,152.79
PUR0082,CUST014,PROD045,2023-10-06,130.77
PUR0083,CUST015,PROD015,2024-03-02,343.52
PUR0084,CUST015,PROD026,2024-02-11,309.29
PUR0085,CUST015,PROD045,2023-12-06,453.73
PUR0086,CUST016,PROD034,2024-06-08,295.96
PUR0087,CUST016,PROD002,2024-06-01,352.69
PUR0088,CUST016,PROD036,2024-03-19,386.0
PUR0089,CUST016,PROD037,2024-04-05,42.69
PUR0090,CUST016,PROD022,2023-10-31,128.29
PUR0091,CUST016,PROD032,2024-06-03,365.32
PUR0092,CUST017,PROD007,2024-04-01,323.91
PUR0093,CUST017,PROD004,2023-10-02,470.5
PUR0094,CUST017,PROD008,2023-11-15,324.56
PUR0095,CUST018,PROD020,2024-08-10,362.22
PUR0096,CUST018,PROD021,2024-04-21,446.25
PUR0097,CUST018,PROD018,2024-07-19,286.44
PUR0098,CUST018,PROD043,2023-12-07,298.05
PUR0099,CUST018,PROD013,2023-09-30,347.57
PUR0100,CUST018,PROD035,2024-03-31,240.69
PUR0101,CUST018,PROD027,2023-09-21,143.42
PUR0102,CUST018,PROD019,2024-06-16,412.35
PUR0103,CUST018,PROD040,2024-02-29,278.9
PUR0104,CUST018,PROD029,2023-10-13,281.18
PUR0105,CUST019,PROD022,2023-10-31,175.51
PUR0106,CUST019,PROD025,2023-09-19,292.58
PUR0107,CUST019,PROD010,2023-10-09,423.75
PUR0108,CUST019,PROD028,2024-02-06,28.86
PUR0109,CUST019,PROD008,2024-05-26,256.16
PUR0110,CUST019,PROD011,2023-10-23,138.87
PUR0111,CUST019,PROD043,2024-01-06,477.44
PUR0112,CUST019,PROD001,2023-11-09,184.44
PUR0113,CUST020,PROD020,2023-10-13,391.73
PUR0114,CUST021,PROD010,2024-02-08,417.72
PUR0115,CUST021,PROD012,2024-07-21,341.1
PUR0116,CUST021,PROD040,2023-11-12,325.92
PUR0117,CUST021,PROD010,2024-01-06,288.49
PUR0118,CUST021,PROD043,2024-03-17,301.11
PUR0119,CUST021,PROD019,2024-01-21,481.9
PUR0120,CUST021,PROD020,2024-04-15,262.92
PUR0121,CUST021,PROD001,2024-08-23,44.67
PUR0122,CUST021,PROD044,2024-06-21,321.6
PUR0123,CUST021,PROD046,2023-11-18,388.87
PUR0124,CUST022,PROD001,2024-02-11,211.79
PUR0125,CUST022,PROD048,2024-06-01,326.35
PUR0126,CUST023,PROD022,2023-12-03,239.17
PUR0127,CUST023,PROD026,2024-04-18,278.41
PUR0128,CUST023,PROD021,2024-08-19,147.32
PUR0129,CUST023,PROD024,2023-10-30,465.33
PUR0130,CUST023,PROD012,2023-12-02,418.43
PUR0131,CUST024,PROD031,2024-01-16,473.2
PUR0132,CUST024,PROD037,2024-02-12,406.21
PUR0133,CUST024,PROD048,2024-03-30,267.89
PUR0134,CUST024,PROD007,2023-09-28,291.27
PUR0135,CUST024,PROD030,2023-09-30,287.46
PUR0136,CUST025,PROD025,2024-05-17,316.15
PUR0137,CUST025,PROD017,2024-04-04,423.1
PUR0138,CUST025,PROD022,2023-09-16,145.45
PUR0139,CUST025,PROD003,2024-06-29,420.43
PUR0140,CUST025,PROD030,2024-01-10,416.83
PUR0141,CUST026,PROD013,2023-11-24,214.84
PUR0142,CUST026,PROD027,2024-01-11,283.19
PUR0143,CUST026,PROD039,2024-03-19,75.97
PUR0144,CUST027,PROD048,2023-08-31,494.24
PUR0145,CUST027,PROD028,2024-06-19,464.77
PUR0146,CUST027,PROD010,2023-08-28,132.02
PUR0147,CUST027,PROD028,2024-03-07,326.44
PUR0148,CUST027,PROD042,2023-11-22,108.58
PUR0149,CUST027,PROD044,2024-06-16,487.61
PUR0150,CUST027,PROD020,2023-12-26,278.36
PUR0151,CUST027,PROD013,2024-07-03,94.47
PUR0152,CUST027,PROD013,2024-02-14,397.39
PUR0153,CUST027,PROD005,2023-11-26,467.39
PUR0154,CUST028,PROD032,2024-04-27,290.25
PUR0155,CUST028,PROD050,2023-09-24,431.13
PUR0156,CUST028,PROD039,2024-04-04,150.7
PUR0157,CUST028,PROD019,2023-12-17,265.92
PUR0158,CUST028,PROD017,2024-02-25,310.4
PUR0159,CUST028,PROD048,2024-07-21,470.22
PUR0160,CUST028,PROD012,2024-04-13,325.97
PUR0161,CUST028,PROD011,2024-01-23,288.38
PUR0162,CUST029,PROD042,2024-05-01,99.55
PUR0163,CUST029,PROD019,2024-06-16,408.92
PUR0164,CUST030,PROD035,2023-12-25,367.69
PUR0165,CUST030,PROD034,2023-11-21,208.34
PUR0166,CUST030,PROD021,2024-03-19,79.89
PUR0167,CUST030,PROD012,2024-06-27,244.84
PUR0168,CUST030,PROD010,2024-04-30,425.46
PUR0169,CUST031,PROD041,2024-05-25,421.27
PUR0170,CUST031,PROD025,2023-11-07,119.2
PUR0171,CUST031,PROD042,2024-02-21,416.11
PUR0172,CUST031,PROD042,2023-08-29,256.66
PUR0173,CUST031,PROD007,2024-03-28,168.92
PUR0174,CUST031,PROD043,2024-04-22,126.78
PUR0175,CUST031,PROD008,2024-05-12,142.89
PUR0176,CUST031,PROD010,2023-09-03,33.24
PUR0177,CUST031,PROD012,2023-10-29,390.21
PUR0178,CUST032,PROD035,2024-04-04,280.0
PUR0179,CUST032,PROD031,2024-03-03,233.04
PUR0180,CUST033,PROD017,2024-03-05,137.27
PUR0181,CUST033,PROD023,2023-09-17,220.31
PUR0182,CUST033,PROD010,2024-06-24,406.02
PUR0183,CUST033,PROD002,2024-01-07,493.42
PUR0184,CUST033,PROD025,2023-11-14,325.03
PUR0185,CUST033,PROD037,2024-07-30,47.72
PUR0186,CUST034,PROD031,2024-08-21,274.23
PUR0187,CUST034,PROD013,2024-01-10,345.72
PUR0188,CUST034,PROD036,2024-06-12,144.84
PUR0189,CUST034,PROD005,2023-11-20,193.57
PUR0190,CUST035,PROD002,2023-11-10,273.67
PUR0191,CUST035,PROD033,2024-04-21,228.36
PUR0192,CUST035,PROD005,2024-04-14,170.12
PUR0193,CUST035,PROD028,2024-02-07,295.39
PUR0194,CUST035,PROD020,2024-04-23,341.46
PUR0195,CUST035,PROD026,2023-11-29,382.81
PUR0196,CUST035,PROD016,2024-06-01,182.33
PUR0197,CUST036,PROD011,2023-12-02,449.99
PUR0198,CUST036,PROD045,2023-08-29,259.79
PUR0199,CUST036,PROD029,2024-06-20,448.92
PUR0200,CUST036,PROD049,2024-07-06,179.9
PUR0201,CUST036,PROD050,2024-07-06,182.87
PUR0202,CUST036,PROD045,2024-01-09,344.39
PUR0203,CUST036,PROD047,2023-12-05,321.1
PUR0204,CUST036,PROD010,2023-11-09,448.08
PUR0205,CUST037,PROD041,2023-10-12,37.61
PUR0206,CUST037,PROD021,2023-09-08,24.0
PUR0207,CUST037,PROD035,2023-12-17,186.2
PUR0208,CUST037,PROD041,2024-05-09,90.72
PUR0209,CUST037,PROD008,2023-12-24,208.68
PUR0210,CUST038,PROD038,2023-11-03,311.62
PUR0211,CUST038,PROD047,2024-04-01,270.85
PUR0212,CUST038,PROD040,2024-06-18,94.35
PUR0213,CUST038,PROD042,2023-10-26,162.73
PUR0214,CUST039,PROD042,2024-07-28,367.92
PUR0215,CUST039,PROD028,2024-01-11,168.71
PUR0216,CUST039,PROD029,2024-02-06,444.69
PUR0217,CUST040,PROD037,2023-12-12,388.19
PUR0218,CUST041,PROD019,2024-01-22,109.52
PUR0219,CUST041,PROD013,2024-08-22,103.24
PUR0220,CUST041,PROD022,2023-10-03,389.36
PUR0221,CUST041,PROD025,2024-05-29,250.36
PUR0222,CUST041,PROD017,2024-02-13,285.54
PUR0223,CUST041,PROD035,2024-05-22,481.38
PUR0224,CUST042,PROD025,2024-06-11,473.59
PUR0225,CUST043,PROD018,2023-09-21,316.62
PUR0226,CUST043,PROD028,2023-12-22,37.71
PUR0227,CUST043,PROD024,2024-01-30,270.86
PUR0228,CUST043,PROD003,2024-05-06,351.85
PUR0229,CUST043,PROD029,2023-09-24,168.88
PUR0230,CUST044,PROD044,2024-07-27,299.62
PUR0231,CUST044,PROD019,2024-02-13,491.61
PUR0232,CUST045,PROD023,2024-01-11,319.77
PUR0233,CUST045,PROD035,2024-03-11,191.46
PUR0234,CUST045,PROD032,2023-10-07,222.93
PUR0235,CUST045,PROD017,2023-10-31,189.15
PUR0236,CUST045,PROD024,2023-09-20,400.22
PUR0237,CUST045,PROD009,2024-04-06,32.62
PUR0238,CUST045,PROD037,2023-09-04,424.75
PUR0239,CUST045,PROD021,2023-12-23,61.23
PUR0240,CUST045,PROD007,2024-07-01,85.73
PUR0241,CUST046,PROD015,2024-07-06,485.8
PUR0242,CUST046,PROD050,2023-12-07,478.36
PUR0243,CUST046,PROD034,2023-10-03,226.52
PUR0244,CUST046,PROD048,2024-05-14,95.69
PUR0245,CUST047,PROD007,2023-12-11,106.28
PUR0246,CUST047,PROD005,2024-08-02,422.46
PUR0247,CUST047,PROD006,2024-04-05,402.75
PUR0248,CUST047,PROD029,2024-03-06,92.21
PUR0249,CUST047,PROD008,2023-11-20,298.83
PUR0250,CUST048,PROD010,2023-08-28,476.78
PUR0251,CUST048,PROD022,2024-07-25,398.88
PUR0252,CUST048,PROD042,2023-09-22,134.42
PUR0253,CUST048,PROD013,2024-03-28,32.54
PUR0254,CUST048,PROD019,2023-11-18,226.14
PUR0255,CUST048,PROD022,2024-01-21,318.53
PUR0256,CUST048,PROD045,2024-07-17,239.67
PUR0257,CUST049,PROD009,2023-09-22,465.72
PUR0258,CUST049,PROD048,2024-02-18,432.54
PUR0259,CUST049,PROD046,2024-07-13,123.78
PUR0260,CUST050,PROD037,2024-04-18,88.67
PUR0261,CUST050,PROD039,2024-04-16,349.19
PUR0262,CUST050,PROD047,2024-06-13,329.9
PUR0263,CUST050,PROD037,2024-05-26,112.3
PUR0264,CUST050,PROD013,2024-03-14,396.13
PUR0265,CUST050,PROD037,2024-04-29,97.75
PUR0266,CUST050,PROD027,2023-11-11,241.0
PUR0267,CUST050,PROD003,2024-03-10,248.08
PUR0268,CUST050,PROD043,2024-05-13,71.35
PUR0269,CUST051,PROD009,2023-11-02,176.38
PUR0270,CUST051,PROD049,2023-11-21,56.8
PUR0271,CUST051,PROD009,2024-01-13,412.53
PUR0272,CUST051,PROD044,2023-11-13,196.61
PUR0273,CUST051,PROD020,2024-03-29,247.84
PUR0274,CUST052,PROD031,2024-01-06,165.34
PUR0275,CUST052,PROD005,2024-06-09,192.5
PUR0276,CUST052,PROD037,2023-09-02,304.61
PUR0277,CUST052,PROD026,2024-05-21,92.54
PUR0278,CUST052,PROD005,2024-04-15,368.79
PUR0279,CUST052,PROD044,2024-01-24,271.15
PUR0280,CUST053,PROD048,2024-02-15,417.77
PUR0281,CUST053,PROD038,2023-09-10,123.96
PUR0282,CUST053,PROD038,2024-02-05,357.74
PUR0283,CUST054,PROD025,2024-01-16,388.87
PUR0284,CUST054,PROD038,2023-12-04,140.03
PUR0285,CUST054,PROD040,2023-09-05,99.91
PUR0286,CUST054,PROD001,2024-01-29,320.75
PUR0287,CUST054,PROD046,2024-06-03,56.85
PUR0288,CUST055,PROD003,2023-12-02,174.31
PUR0289,CUST055,PROD024,2023-11-29,139.89
PUR0290,CUST055,PROD007,2024-03-24,305.53
PUR0291,CUST056,PROD041,2023-09-20,170.18
PUR0292,CUST056,PROD001,2024-07-02,345.35
PUR0293,CUST056,PROD032,2023-12-26,350.35
PUR0294,CUST056,PROD017,2023-09-13,301.56
PUR0295,CUST056,PROD004,2024-04-06,395.21
PUR0296,CUST056,PROD030,2023-10-04,89.02
PUR0297,CUST056,PROD034,2024-01-06,429.11
PUR0298,CUST056,PROD001,2023-09-30,226.68
PUR0299,CUST057,PROD014,2024-01-22,362.1
PUR0300,CUST057,PROD011,2023-10-14,250.36
PUR0301,CUST057,PROD019,2023-11-03,423.33
PUR0302,CUST057,PROD023,2024-07-13,319.23
PUR0303,CUST057,PROD039,2024-03-15,455.77
PUR0304,CUST057,PROD050,2024-01-22,383.14
PUR0305,CUST057,PROD014,2024-02-25,236.67
PUR0306,CUST058,PROD047,2024-08-10,433.86
PUR0307,CUST058,PROD015,2024-04-16,496.64
PUR0308,CUST059,PROD030,2024-07-06,66.32
PUR0309,CUST059,PROD008,2023-12-13,351.34
PUR0310,CUST059,PROD006,2024-06-04,187.97
PUR0311,CUST060,PROD026,2024-06-25,209.31
PUR0312,CUST060,PROD013,2024-03-12,366.76
PUR0313,CUST061,PROD002,2023-09-30,300.19
PUR0314,CUST061,PROD003,2024-03-17,470.19
PUR0315,CUST061,PROD050,2024-05-04,166.31
PUR0316,CUST061,PROD030,2023-11-06,388.02
PUR0317,CUST061,PROD019,2024-01-29,108.25
PUR0318,CUST061,PROD049,2024-05-04,281.73
PUR0319,CUST061,PROD039,2024-03-19,269.7
PUR0320,CUST062,PROD049,2023-10-24,215.73
PUR0321,CUST062,PROD021,2023-09-24,352.43
PUR0322,CUST062,PROD006,2024-04-03,47.7
PUR0323,CUST062,PROD038,2023-12-08,262.91
PUR0324,CUST062,PROD032,2024-05-08,406.43
PUR0325,CUST062,PROD033,2024-07-10,46.22
PUR0326,CUST062,PROD007,2024-08-14,449.93
PUR0327,CUST063,PROD042,2023-09-07,491.72
PUR0328,CUST063,PROD025,2024-06-05,107.27
PUR0329,CUST063,PROD023,2024-08-01,442.0
PUR0330,CUST063,PROD032,2024-01-28,396.01
PUR0331,CUST063,PROD048,2024-03-19,278.33
PUR0332,CUST064,PROD010,2023-10-18,264.08
PUR0333,CUST064,PROD012,2024-01-21,400.79
PUR0334,CUST064,PROD034,2024-06-20,23.43
PUR0335,CUST064,PROD009,2024-01-22,141.36
PUR0336,CUST065,PROD050,2024-05-31,385.94
PUR0337,CUST065,PROD037,2023-12-10,440.79
PUR0338,CUST065,PROD043,2024-04-09,60.8
PUR0339,CUST065,PROD020,2023-12-15,359.53
PUR0340,CUST065,PROD003,2024-08-18,353.58
PUR0341,CUST065,PROD019,2024-07-21,458.29
PUR0342,CUST065,PROD041,2024-06-09,143.81
PUR0343,CUST066,PROD028,2024-03-31,124.79
PUR0344,CUST066,PROD005,2024-06-01,159.06
PUR0345,CUST066,PROD018,2024-07-18,462.01
PUR0346,CUST066,PROD048,2024-02-15,392.25
PUR0347,CUST066,PROD008,2024-02-03,490.77
PUR0348,CUST066,PROD049,2024-04-04,380.74
PUR0349,CUST066,PROD030,2024-06-06,471.09
PUR0350,CUST066,PROD013,2024-04-26,255.73
PUR0351,CUST067,PROD023,2023-10-15,134.75
PUR0352,CUST067,PROD012,2024-08-05,288.6
PUR0353,CUST067,PROD038,2024-03-24,244.25
PUR0354,CUST067,PROD002,2024-06-03,45.9
PUR0355,CUST067,PROD006,2024-03-09,315.64
PUR0356,CUST067,PROD006,2023-10-06,105.84
PUR0357,CUST067,PROD039,2023-12-19,433.27
PUR0358,CUST067,PROD019,2023-09-02,281.94
PUR0359,CUST067,PROD038,2023-12-25,304.01
PUR0360,CUST068,PROD016,2024-04-20,195.27
PUR0361,CUST068,PROD046,2024-01-22,94.02
PUR0362,CUST068,PROD048,2024-06-27,287.16
PUR0363,CUST068,PROD047,2023-11-29,68.16
PUR0364,CUST069,PROD032,2023-10-03,72.58
PUR0365,CUST069,PROD008,2024-01-18,186.11
PUR0366,CUST069,PROD003,2023-11-08,72.29
PUR0367,CUST069,PROD048,2023-11-13,293.19
PUR0368,CUST069,PROD050,2024-04-01,450.03
PUR0369,CUST070,PROD042,2023-09-02,122.42
PUR0370,CUST070,PROD040,2024-01-07,483.57
PUR0371,CUST070,PROD048,2024-04-21,269.26
PUR0372,CUST070,PROD037,2024-06-11,56.58
PUR0373,CUST070,PROD036,2023-10-27,103.06
PUR0374,CUST070,PROD016,2023-11-11,74.1
PUR0375,CUST071,PROD024,2024-05-27,467.0
PUR0376,CUST071,PROD049,2024-02-26,440.21
PUR0377,CUST072,PROD002,2024-04-23,499.14
PUR0378,CUST072,PROD033,2023-08-30,175.4
PUR0379,CUST072,PROD013,2024-04-19,151.79
PUR0380,CUST073,PROD005,2024-08-05,24.88
PUR0381,CUST073,PROD045,2024-05-20,439.23
PUR0382,CUST073,PROD006,2024-02-07,158.39
PUR0383,CUST073,PROD005,2023-09-21,444.76
PUR0384,CUST073,PROD032,2024-08-14,140.24
PUR0385,CUST073,PROD022,2023-10-28,193.96
PUR0386,CUST073,PROD002,2023-09-15,196.19
PUR0387,CUST073,PROD034,2024-03-29,281.55
PUR0388,CUST073,PROD031,2024-05-15,415.61
PUR0389,CUST073,PROD008,2024-03-03,420.09
PUR0390,CUST074,PROD016,2023-11-17,499.04
PUR0391,CUST074,PROD003,2024-07-26,301.72
PUR0392,CUST074,PROD013,2024-04-06,178.18
PUR0393,CUST075,PROD046,2023-11-14,351.81
PUR0394,CUST075,PROD031,2024-02-28,94.46
PUR0395,CUST075,PROD019,2024-08-19,333.61
PUR0396,CUST075,PROD013,2024-06-06,293.91
PUR0397,CUST075,PROD033,2024-05-25,355.7
PUR0398,CUST075,PROD039,2024-06-29,50.41
PUR0399,CUST075,PROD010,2023-12-02,267.98
PUR0400,CUST075,PROD016,2023-08-29,272.17
PUR0401,CUST075,PROD003,2023-10-01,464.24
PUR0402,CUST076,PROD028,2024-07-29,178.76
PUR0403,CUST076,PROD042,2023-12-31,247.15
PUR0404,CUST076,PROD044,2023-09-19,106.51
PUR0405,CUST076,PROD004,2024-06-17,279.9
PUR0406,CUST076,PROD034,2023-11-08,119.9
PUR0407,CUST076,PROD024,2023-09-02,429.48
PUR0408,CUST076,PROD020,2024-06-06,154.99
PUR0409,CUST076,PROD044,2023-11-03,491.96
PUR0410,CUST076,PROD028,2024-05-04,49.13
PUR0411,CUST077,PROD029,2023-11-24,55.43
PUR0412,CUST077,PROD022,2024-07-17,262.59
PUR0413,CUST077,PROD006,2023-11-18,473.0
PUR0414,CUST077,PROD004,2023-12-12,326.22
PUR0415,CUST077,PROD038,2024-06-17,488.91
PUR0416,CUST077,PROD017,2023-08-25,416.55
PUR0417,CUST077,PROD013,2024-05-21,302.82
PUR0418,CUST077,PROD013,2024-03-06,179.92
PUR0419,CUST078,PROD039,2024-02-10,443.23
PUR0420,CUST078,PROD006,2023-10-25,428.34
PUR0421,CUST078,PROD023,2023-11-11,493.34
PUR0422,CUST079,PROD033,2024-04-21,363.62
PUR0423,CUST079,PROD010,2024-02-21,109.54
PUR0424,CUST079,PROD013,2024-06-29,22.35
PUR0425,CUST079,PROD045,2024-06-04,162.96
PUR0426,CUST079,PROD015,2024-01-25,238.56
PUR0427,CUST079,PROD047,2023-10-21,80.22
PUR0428,CUST080,PROD016,2024-06-23,324.26
PUR0429,CUST080,PROD036,2023-10-22,133.53
PUR0430,CUST081,PROD049,2024-05-20,263.57
PUR0431,CUST081,PROD018,2024-05-05,265.19
PUR0432,CUST081,PROD036,2024-01-10,213.9
PUR0433,CUST081,PROD045,2023-09-11,494.65
PUR0434,CUST081,PROD038,2024-08-24,243.07
PUR0435,CUST081,PROD001,2024-03-21,96.82
PUR0436,CUST081,PROD023,2023-08-31,253.36
PUR0437,CUST081,PROD002,2024-06-25,407.46
PUR0438,CUST082,PROD036,2024-06-24,238.26
PUR0439,CUST082,PROD001,2023-12-21,54.96
PUR0440,CUST082,PROD050,2023-10-27,342.64
PUR0441,CUST082,PROD043,2024-08-18,31.45
PUR0442,CUST082,PROD021,2023-12-07,70.91
PUR0443,CUST082,PROD013,2024-04-28,78.68
PUR0444,CUST082,PROD015,2023-11-11,142.94
PUR0445,CUST083,PROD015,2024-07-09,172.01
PUR0446,CUST083,PROD010,2024-03-18,323.79
PUR0447,CUST083,PROD025,2023-09-12,95.42
PUR0448,CUST083,PROD049,2023-10-08,305.49
PUR0449,CUST084,PROD050,2024-01-15,390.34
PUR0450,CUST084,PROD006,2024-07-04,284.77
PUR0451,CUST084,PROD043,2024-03-22,438.43
PUR0452,CUST084,PROD002,2023-10-04,164.45
PUR0453,CUST084,PROD023,2024-07-03,372.19
PUR0454,CUST084,PROD014,2024-06-01,69.63
PUR0455,CUST084,PROD036,2024-04-19,214.19
PUR0456,CUST084,PROD033,2023-09-01,473.51
PUR0457,CUST084,PROD036,2024-05-11,54.76
PUR0458,CUST085,PROD022,2024-07-14,332.45
PUR0459,CUST085,PROD022,2023-11-02,390.09
PUR0460,CUST085,PROD033,2024-07-05,41.04
PUR0461,CUST085,PROD031,2023-10-16,133.63
PUR0462,CUST085,PROD024,2024-03-06,377.08
PUR0463,CUST085,PROD020,2023-09-17,93.75
PUR0464,CUST085,PROD002,2024-05-11,481.09
PUR0465,CUST085,PROD001,2023-11-21,106.67
PUR0466,CUST085,PROD023,2024-05-22,164.77
PUR0467,CUST085,PROD033,2024-01-10,101.48
PUR0468,CUST086,PROD046,2024-06-09,53.14
PUR0469,CUST086,PROD047,2024-05-24,263.9
PUR0470,CUST086,PROD033,2023-11-14,263.79
PUR0471,CUST086,PROD014,2024-04-24,116.79
PUR0472,CUST086,PROD018,2024-04-03,321.35
PUR0473,CUST086,PROD022,2023-11-27,275.14
PUR0474,CUST086,PROD028,2023-12-17,145.5
PUR0475,CUST086,PROD009,2024-04-14,235.2
PUR0476,CUST086,PROD038,2024-05-28,291.94
PUR0477,CUST087,PROD039,2024-07-06,94.13
PUR0478,CUST087,PROD047,2024-02-27,90.92
PUR0479,CUST087,PROD040,2024-03-07,92.65
PUR0480,CUST087,PROD036,2024-04-24,158.72
PUR0481,CUST087,PROD037,2024-08-21,317.15
PUR0482,CUST088,PROD002,2024-02-12,103.28
PUR0483,CUST088,PROD003,2024-01-03,153.77
PUR0484,CUST088,PROD007,2024-07-02,220.19
PUR0485,CUST088,PROD030,2024-01-30,297.24
PUR0486,CUST088,PROD005,2024-03-22,172.92
PUR0487,CUST088,PROD025,2024-02-29,161.05
PUR0488,CUST088,PROD031,2024-06-14,395.16
PUR0489,CUST089,PROD012,2024-07-03,277.15
PUR0490,CUST089,PROD037,2023-09-28,497.35
PUR0491,CUST089,PROD024,2023-12-03,222.57
PUR0492,CUST089,PROD001,2023-12-10,459.39
PUR0493,CUST089,PROD009,2024-08-12,173.3
PUR0494,CUST090,PROD001,2024-02-11,381.64
PUR0495,CUST090,PROD040,2024-06-14,493.81
PUR0496,CUST090,PROD048,2024-08-02,149.19
PUR0497,CUST090,PROD038,2024-06-25,48.1
PUR0498,CUST091,PROD014,2023-10-19,469.67
PUR0499,CUST091,PROD007,2023-10-06,131.45
PUR0500,CUST091,PROD016,2024-05-03,93.49
PUR0501,CUST091,PROD024,2023-10-26,210.0
PUR0502,CUST091,PROD003,2023-11-14,226.21
PUR0503,CUST092,PROD049,2024-04-13,487.98
PUR0504,CUST092,PROD021,2024-06-18,31.59
PUR0505,CUST092,PROD044,2024-02-13,463.68
PUR0506,CUST092,PROD008,2023-12-20,158.72
PUR0507,CUST092,PROD016,2023-09-07,175.69
PUR0508,CUST092,PROD038,2024-06-26,324.88
PUR0509,CUST092,PROD004,2024-06-29,437.21
PUR0510,CUST092,PROD012,2023-09-24,373.54
PUR0511,CUST093,PROD015,2024-01-12,387.53
PUR0512,CUST093,PROD014,2024-05-14,76.2
PUR0513,CUST093,PROD020,2023-10-23,190.25
PUR0514,CUST093,PROD005,2023-11-19,125.51
PUR0515,CUST093,PROD030,2024-08-10,306.75
PUR0516,CUST093,PROD008,2024-01-29,239.89
PUR0517,CUST093,PROD007,2024-03-17,276.33
PUR0518,CUST093,PROD049,2024-05-15,237.21
PUR0519,CUST093,PROD045,2023-10-31,189.01
PUR0520,CUST093,PROD014,2024-06-24,22.82
PUR0521,CUST094,PROD038,2024-06-22,471.59
PUR0522,CUST095,PROD026,2024-04-26,437.67
PUR0523,CUST095,PROD005,2024-04-09,194.87
PUR0524,CUST095,PROD013,2023-11-18,398.91
PUR0525,CUST096,PROD023,2024-05-21,32.65
PUR0526,CUST096,PROD024,2024-06-28,126.87
PUR0527,CUST096,PROD025,2023-11-22,392.33
PUR0528,CUST096,PROD035,2023-11-15,68.82
PUR0529,CUST097,PROD020,2024-04-07,458.95
PUR0530,CUST097,PROD028,2024-02-17,23.43
PUR0531,CUST097,PROD036,2023-09-23,26.65
PUR0532,CUST097,PROD004,2023-12-16,200.3
PUR0533,CUST097,PROD016,2023-12-10,88.52
PUR0534,CUST097,PROD045,2023-12-20,396.86
PUR0535,CUST097,PROD035,2023-12-16,306.98
PUR0536,CUST097,PROD009,2024-08-09,54.6
PUR0537,CUST097,PROD008,2024-05-25,182.94
PUR0538,CUST098,PROD043,2023-09-04,121.7
PUR0539,CUST099,PROD021,2024-01-30,431.06
PUR0540,CUST099,PROD048,2023-10-08,469.06
PUR0541,CUST099,PROD023,2024-08-06,481.77
PUR0542,CUST099,PROD027,2023-11-01,219.65
PUR0543,CUST099,PROD050,2024-06-12,363.27
PUR0544,CUST099,PROD048,2023-09-20,190.04
PUR0545,CUST099,PROD046,2023-08-25,194.41
PUR0546,CUST100,PROD018,2024-02-22,21.91
PUR0547,CUST100,PROD011,2024-01-10,131.05
PUR0548,CUST100,PROD015,2024-04-06,168.43
