session_id,customer_id,page_viewed,view_duration,session_date
SESS00001,CUST001,HomePage,143,2024-08-10
SESS00002,CUST001,CategoryPage,378,2024-06-09
SESS00003,CUST001,HomePage,188,2024-07-10
SESS00004,CUST001,CategoryPage,545,2023-10-30
SESS00005,CUST001,PROD026,103,2024-08-03
SESS00006,CUST002,CategoryPage,595,2024-06-19
SESS00007,CUST002,CategoryPage,509,2024-06-29
SESS00008,CUST002,CategoryPage,164,2023-10-17
SESS00009,CUST002,CategoryPage,253,2023-08-28
SESS00010,CUST002,PROD002,13,2023-09-30
SESS00011,CUST002,PROD025,429,2024-06-20
SESS00012,CUST002,HomePage,503,2023-10-08
SESS00013,CUST002,PROD034,538,2024-08-01
SESS00014,CUST002,HomePage,62,2024-04-05
SESS00015,CUST002,PROD014,493,2024-02-18
SESS00016,CUST002,HomePage,33,2024-02-14
SESS00017,CUST003,PROD031,473,2024-08-22
SESS00018,CUST003,HomePage,324,2024-07-12
SESS00019,CUST003,CategoryPage,244,2024-03-12
SESS00020,CUST003,PROD024,590,2024-02-09
SESS00021,CUST003,PROD046,545,2023-09-29
SESS00022,CUST003,CategoryPage,49,2024-01-24
SESS00023,CUST004,CategoryPage,445,2023-10-04
SESS00024,CUST004,CategoryPage,398,2024-08-07
SESS00025,CUST004,PROD001,567,2023-12-29
SESS00026,CUST004,HomePage,171,2023-11-02
SESS00027,CUST004,CategoryPage,208,2024-03-15
SESS00028,CUST004,PROD011,206,2024-06-11
SESS00029,CUST004,HomePage,130,2024-05-23
SESS00030,CUST004,HomePage,412,2024-05-23
SESS00031,CUST005,PROD031,84,2023-09-02
SESS00032,CUST005,PROD043,495,2024-07-04
SESS00033,CUST005,CategoryPage,195,2024-01-21
SESS00034,CUST005,CategoryPage,155,2023-10-26
SESS00035,CUST005,PROD022,440,2024-02-16
SESS00036,CUST005,HomePage,290,2024-02-18
SESS00037,CUST005,HomePage,534,2024-07-06
SESS00038,CUST006,PROD010,469,2024-04-21
SESS00039,CUST006,PROD046,17,2024-04-27
SESS00040,CUST007,HomePage,569,2023-12-12
SESS00041,CUST007,PROD040,437,2024-06-12
SESS00042,CUST007,PROD024,170,2023-09-06
SESS00043,CUST007,PROD033,585,2024-05-23
SESS00044,CUST007,PROD008,473,2024-06-22
SESS00045,CUST007,CategoryPage,12,2024-03-13
SESS00046,CUST007,CategoryPage,105,2024-01-13
SESS00047,CUST007,HomePage,387,2023-12-16
SESS00048,CUST007,CategoryPage,431,2024-01-14
SESS00049,CUST007,HomePage,565,2024-05-29
SESS00050,CUST007,PROD027,330,2024-03-22
SESS00051,CUST007,CategoryPage,346,2023-11-20
SESS00052,CUST007,CategoryPage,332,2024-02-13
SESS00053,CUST007,PROD033,176,2024-04-02
SESS00054,CUST008,PROD011,205,2024-06-01
SESS00055,CUST009,PROD037,34,2024-03-22
SESS00056,CUST009,CategoryPage,272,2024-01-08
SESS00057,CUST010,CategoryPage,129,2024-08-10
SESS00058,CUST010,PROD006,299,2023-08-29
SESS00059,CUST010,CategoryPage,421,2024-02-10
SESS00060,CUST010,HomePage,286,2024-04-15
SESS00061,CUST010,CategoryPage,294,2024-05-02
SESS00062,CUST010,PROD040,541,2024-02-15
SESS00063,CUST010,HomePage,306,2024-07-19
SESS00064,CUST011,PROD023,309,2024-02-24
SESS00065,CUST011,PROD025,47,2024-08-06
SESS00066,CUST011,CategoryPage,595,2024-05-02
SESS00067,CUST011,CategoryPage,222,2024-01-07
SESS00068,CUST011,PROD013,96,2024-07-01
SESS00069,CUST011,CategoryPage,567,2023-09-09
SESS00070,CUST011,PROD047,277,2024-05-26
SESS00071,CUST012,PROD004,306,2023-09-16
SESS00072,CUST012,PROD047,498,2024-05-11
SESS00073,CUST012,CategoryPage,381,2024-06-19
SESS00074,CUST012,CategoryPage,294,2024-01-11
SESS00075,CUST012,CategoryPage,368,2024-05-04
SESS00076,CUST012,CategoryPage,588,2024-06-23
SESS00077,CUST013,HomePage,495,2024-04-19
SESS00078,CUST014,HomePage,253,2024-03-20
SESS00079,CUST014,PROD026,465,2023-11-13
SESS00080,CUST014,HomePage,300,2023-12-25
SESS00081,CUST014,HomePage,519,2023-09-30
SESS00082,CUST014,HomePage,200,2024-04-21
SESS00083,CUST014,HomePage,275,2024-03-08
SESS00084,CUST014,PROD017,281,2024-08-06
SESS00085,CUST014,CategoryPage,501,2024-02-13
SESS00086,CUST014,CategoryPage,421,2023-08-31
SESS00087,CUST014,HomePage,389,2024-02-22
SESS00088,CUST015,HomePage,568,2024-07-15
SESS00089,CUST015,HomePage,364,2023-12-29
SESS00090,CUST015,CategoryPage,511,2023-08-25
SESS00091,CUST015,HomePage,146,2024-02-12
SESS00092,CUST015,PROD021,596,2024-02-04
SESS00093,CUST015,CategoryPage,382,2023-11-07
SESS00094,CUST015,PROD017,285,2024-07-25
SESS00095,CUST016,CategoryPage,248,2024-01-01
SESS00096,CUST016,PROD040,425,2023-11-24
SESS00097,CUST017,HomePage,348,2024-02-16
SESS00098,CUST017,PROD042,532,2023-11-30
SESS00099,CUST017,CategoryPage,361,2024-03-07
SESS00100,CUST017,CategoryPage,154,2024-08-17
SESS00101,CUST017,HomePage,543,2024-05-15
SESS00102,CUST017,HomePage,194,2024-03-12
SESS00103,CUST017,HomePage,406,2024-05-09
SESS00104,CUST018,CategoryPage,49,2024-06-25
SESS00105,CUST018,HomePage,75,2024-02-07
SESS00106,CUST019,HomePage,230,2023-11-16
SESS00107,CUST019,CategoryPage,248,2024-04-02
SESS00108,CUST019,PROD019,573,2024-06-04
SESS00109,CUST019,HomePage,516,2024-04-03
SESS00110,CUST019,CategoryPage,448,2023-12-31
SESS00111,CUST019,PROD045,509,2024-02-23
SESS00112,CUST019,HomePage,146,2024-04-07
SESS00113,CUST019,CategoryPage,355,2023-12-20
SESS00114,CUST019,CategoryPage,403,2024-07-28
SESS00115,CUST019,PROD020,567,2024-05-04
SESS00116,CUST020,HomePage,301,2023-09-28
SESS00117,CUST020,CategoryPage,277,2024-07-01
SESS00118,CUST020,CategoryPage,382,2024-01-28
SESS00119,CUST020,PROD016,404,2024-07-12
SESS00120,CUST020,CategoryPage,47,2023-11-05
SESS00121,CUST020,HomePage,240,2024-08-22
SESS00122,CUST020,HomePage,68,2024-06-22
SESS00123,CUST021,PROD021,327,2023-09-22
SESS00124,CUST021,HomePage,95,2023-12-14
SESS00125,CUST021,CategoryPage,596,2024-01-28
SESS00126,CUST021,PROD022,10,2024-02-20
SESS00127,CUST021,CategoryPage,596,2024-05-15
SESS00128,CUST022,HomePage,564,2024-04-05
SESS00129,CUST022,HomePage,394,2023-09-27
SESS00130,CUST022,CategoryPage,324,2024-06-15
SESS00131,CUST022,HomePage,145,2024-06-20
SESS00132,CUST023,PROD017,420,2024-07-19
SESS00133,CUST023,PROD040,414,2023-11-08
SESS00134,CUST023,PROD027,144,2023-10-27
SESS00135,CUST023,HomePage,329,2023-12-20
SESS00136,CUST023,CategoryPage,458,2024-02-04
SESS00137,CUST023,HomePage,35,2024-04-18
SESS00138,CUST023,CategoryPage,172,2024-08-24
SESS00139,CUST023,PROD011,362,2024-05-06
SESS00140,CUST024,HomePage,207,2024-07-09
SESS00141,CUST025,PROD033,256,2024-06-10
SESS00142,CUST025,PROD022,245,2023-10-09
SESS00143,CUST025,PROD029,578,2023-10-13
SESS00144,CUST025,PROD022,151,2023-10-01
SESS00145,CUST025,HomePage,139,2024-03-22
SESS00146,CUST025,PROD015,73,2024-01-16
SESS00147,CUST025,CategoryPage,61,2024-05-19
SESS00148,CUST025,HomePage,517,2023-09-28
SESS00149,CUST026,HomePage,319,2024-04-26
SESS00150,CUST026,PROD037,416,2023-11-12
SESS00151,CUST026,PROD017,211,2023-12-31
SESS00152,CUST026,HomePage,280,2024-03-13
SESS00153,CUST026,PROD048,568,2024-07-04
SESS00154,CUST026,HomePage,592,2024-05-22
SESS00155,CUST026,HomePage,196,2023-12-10
SESS00156,CUST026,PROD015,164,2024-06-03
SESS00157,CUST026,CategoryPage,329,2024-07-28
SESS00158,CUST026,CategoryPage,295,2024-08-08
SESS00159,CUST026,CategoryPage,585,2024-07-09
SESS00160,CUST026,HomePage,600,2024-01-25
SESS00161,CUST026,PROD023,439,2024-03-26
SESS00162,CUST026,PROD035,351,2024-03-03
SESS00163,CUST027,HomePage,458,2024-03-29
SESS00164,CUST027,PROD014,202,2023-09-24
SESS00165,CUST027,PROD037,392,2024-07-30
SESS00166,CUST027,HomePage,195,2024-04-05
SESS00167,CUST027,HomePage,451,2023-09-11
SESS00168,CUST027,PROD021,447,2024-08-07
SESS00169,CUST027,HomePage,216,2023-11-28
SESS00170,CUST027,CategoryPage,372,2023-09-07
SESS00171,CUST027,PROD029,325,2024-04-28
SESS00172,CUST027,HomePage,270,2024-06-05
SESS00173,CUST027,PROD012,299,2024-01-20
SESS00174,CUST027,HomePage,126,2023-09-29
SESS00175,CUST027,HomePage,65,2023-09-06
SESS00176,CUST028,HomePage,23,2023-08-29
SESS00177,CUST028,PROD040,359,2024-01-22
SESS00178,CUST028,CategoryPage,346,2024-07-08
SESS00179,CUST028,CategoryPage,257,2024-05-04
SESS00180,CUST028,PROD035,331,2023-10-04
SESS00181,CUST028,CategoryPage,376,2024-05-19
SESS00182,CUST028,CategoryPage,507,2024-05-17
SESS00183,CUST029,HomePage,541,2024-05-29
SESS00184,CUST029,CategoryPage,480,2023-11-11
SESS00185,CUST029,HomePage,398,2023-12-18
SESS00186,CUST029,CategoryPage,422,2023-12-03
SESS00187,CUST029,CategoryPage,222,2023-11-27
SESS00188,CUST029,PROD048,53,2023-11-04
SESS00189,CUST029,CategoryPage,325,2024-01-10
SESS00190,CUST030,PROD012,546,2024-04-14
SESS00191,CUST030,PROD043,474,2023-09-27
SESS00192,CUST030,PROD016,482,2023-09-04
SESS00193,CUST030,PROD043,33,2024-05-15
SESS00194,CUST030,PROD009,313,2023-08-26
SESS00195,CUST030,CategoryPage,479,2024-08-05
SESS00196,CUST030,PROD002,26,2023-12-24
SESS00197,CUST030,HomePage,375,2024-05-25
SESS00198,CUST030,HomePage,137,2024-02-09
SESS00199,CUST030,HomePage,186,2024-04-07
SESS00200,CUST030,PROD048,509,2024-03-07
SESS00201,CUST030,PROD042,273,2023-11-22
SESS00202,CUST031,CategoryPage,79,2023-09-18
SESS00203,CUST031,HomePage,329,2023-09-06
SESS00204,CUST031,HomePage,287,2024-04-01
SESS00205,CUST031,CategoryPage,153,2024-07-21
SESS00206,CUST031,PROD012,446,2024-03-01
SESS00207,CUST031,PROD026,147,2024-02-05
SESS00208,CUST031,PROD011,585,2023-09-06
SESS00209,CUST031,CategoryPage,532,2023-09-24
SESS00210,CUST031,PROD017,271,2024-06-20
SESS00211,CUST031,CategoryPage,503,2024-01-20
SESS00212,CUST031,CategoryPage,168,2024-06-11
SESS00213,CUST031,HomePage,306,2023-10-22
SESS00214,CUST032,HomePage,48,2023-09-26
SESS00215,CUST032,PROD043,362,2024-07-24
SESS00216,CUST032,HomePage,386,2024-04-30
SESS00217,CUST032,CategoryPage,304,2024-06-07
SESS00218,CUST033,CategoryPage,553,2023-11-29
SESS00219,CUST033,HomePage,19,2024-06-17
SESS00220,CUST033,CategoryPage,218,2024-05-06
SESS00221,CUST033,PROD020,465,2024-07-24
SESS00222,CUST033,HomePage,556,2023-11-20
SESS00223,CUST033,CategoryPage,593,2024-02-29
SESS00224,CUST034,CategoryPage,69,2023-12-21
SESS00225,CUST034,HomePage,174,2024-04-09
SESS00226,CUST034,CategoryPage,118,2023-11-11
SESS00227,CUST034,CategoryPage,305,2024-05-11
SESS00228,CUST034,HomePage,294,2023-12-01
SESS00229,CUST034,PROD015,67,2024-01-03
SESS00230,CUST034,PROD003,336,2024-02-18
SESS00231,CUST034,PROD029,19,2024-03-15
SESS00232,CUST034,HomePage,445,2023-11-25
SESS00233,CUST034,PROD025,591,2023-10-13
SESS00234,CUST034,CategoryPage,236,2024-01-26
SESS00235,CUST034,HomePage,25,2024-08-01
SESS00236,CUST034,HomePage,144,2023-10-31
SESS00237,CUST035,PROD013,97,2024-07-29
SESS00238,CUST035,CategoryPage,47,2023-10-14
SESS00239,CUST035,HomePage,508,2024-08-16
SESS00240,CUST035,PROD032,429,2023-11-02
SESS00241,CUST035,PROD049,272,2024-01-06
SESS00242,CUST035,PROD019,406,2023-09-19
SESS00243,CUST036,CategoryPage,399,2024-08-13
SESS00244,CUST036,PROD041,373,2024-07-20
SESS00245,CUST036,PROD018,190,2024-07-29
SESS00246,CUST036,HomePage,184,2024-08-16
SESS00247,CUST036,HomePage,523,2024-03-18
SESS00248,CUST036,HomePage,165,2024-05-28
SESS00249,CUST036,HomePage,591,2024-01-06
SESS00250,CUST036,CategoryPage,117,2024-01-07
SESS00251,CUST036,PROD012,179,2024-08-10
SESS00252,CUST037,CategoryPage,133,2024-01-20
SESS00253,CUST038,CategoryPage,380,2023-09-24
SESS00254,CUST038,HomePage,58,2024-02-18
SESS00255,CUST039,HomePage,356,2024-05-12
SESS00256,CUST039,PROD016,553,2024-03-19
SESS00257,CUST039,HomePage,193,2024-02-04
SESS00258,CUST039,HomePage,142,2023-12-10
SESS00259,CUST039,PROD043,54,2024-07-12
SESS00260,CUST039,HomePage,261,2024-06-23
SESS00261,CUST039,PROD047,173,2024-08-12
SESS00262,CUST039,CategoryPage,113,2024-03-16
SESS00263,CUST039,PROD008,178,2023-11-21
SESS00264,CUST040,CategoryPage,13,2024-05-26
SESS00265,CUST040,PROD039,130,2024-08-16
SESS00266,CUST040,PROD008,328,2023-11-07
SESS00267,CUST040,PROD015,535,2024-04-03
SESS00268,CUST040,HomePage,447,2023-09-20
SESS00269,CUST040,PROD009,19,2024-04-17
SESS00270,CUST040,CategoryPage,61,2024-08-22
SESS00271,CUST040,HomePage,398,2024-06-02
SESS00272,CUST040,HomePage,102,2024-02-24
SESS00273,CUST041,PROD005,216,2024-04-30
SESS00274,CUST041,PROD019,499,2024-03-28
SESS00275,CUST041,HomePage,204,2023-10-07
SESS00276,CUST041,HomePage,550,2023-12-02
SESS00277,CUST041,CategoryPage,384,2024-04-12
SESS00278,CUST041,HomePage,142,2023-12-01
SESS00279,CUST041,PROD023,535,2024-01-06
SESS00280,CUST041,HomePage,256,2024-07-20
SESS00281,CUST041,HomePage,208,2023-08-30
SESS00282,CUST041,PROD049,397,2023-10-21
SESS00283,CUST041,HomePage,110,2023-10-13
SESS00284,CUST041,HomePage,544,2023-12-26
SESS00285,CUST042,HomePage,450,2024-06-24
SESS00286,CUST042,CategoryPage,36,2023-09-09
SESS00287,CUST042,HomePage,126,2024-03-26
SESS00288,CUST042,HomePage,507,2024-08-10
SESS00289,CUST042,CategoryPage,56,2024-05-21
SESS00290,CUST042,CategoryPage,219,2024-02-27
SESS00291,CUST042,HomePage,409,2024-08-15
SESS00292,CUST042,PROD021,598,2023-10-31
SESS00293,CUST043,PROD028,172,2023-11-08
SESS00294,CUST044,PROD019,96,2024-06-25
SESS00295,CUST044,HomePage,334,2024-01-29
SESS00296,CUST044,HomePage,277,2024-07-21
SESS00297,CUST044,PROD026,315,2024-07-17
SESS00298,CUST044,HomePage,465,2024-06-27
SESS00299,CUST044,PROD047,593,2024-03-09
SESS00300,CUST044,CategoryPage,99,2024-03-22
SESS00301,CUST044,HomePage,114,2024-07-08
SESS00302,CUST045,HomePage,146,2023-08-25
SESS00303,CUST045,CategoryPage,346,2023-11-28
SESS00304,CUST045,CategoryPage,333,2023-09-02
SESS00305,CUST045,CategoryPage,205,2024-03-04
SESS00306,CUST045,PROD012,412,2024-03-17
SESS00307,CUST045,HomePage,598,2024-04-07
SESS00308,CUST045,HomePage,212,2023-12-31
SESS00309,CUST046,HomePage,444,2024-03-27
SESS00310,CUST046,HomePage,437,2024-05-24
SESS00311,CUST046,CategoryPage,292,2024-08-21
SESS00312,CUST047,PROD037,36,2023-10-27
SESS00313,CUST047,PROD026,535,2023-12-28
SESS00314,CUST047,HomePage,398,2024-07-13
SESS00315,CUST047,PROD028,173,2024-03-22
SESS00316,CUST047,CategoryPage,456,2023-11-30
SESS00317,CUST047,HomePage,130,2024-03-22
SESS00318,CUST047,PROD002,435,2024-01-15
SESS00319,CUST047,PROD011,589,2023-12-02
SESS00320,CUST047,HomePage,65,2024-01-03
SESS00321,CUST047,PROD035,65,2024-04-13
SESS00322,CUST047,HomePage,490,2024-06-21
SESS00323,CUST048,PROD033,581,2024-03-05
SESS00324,CUST048,PROD002,297,2024-01-09
SESS00325,CUST048,HomePage,436,2024-01-28
SESS00326,CUST048,PROD015,360,2024-05-01
SESS00327,CUST048,PROD016,514,2023-09-10
SESS00328,CUST048,CategoryPage,382,2024-03-28
SESS00329,CUST049,PROD012,488,2024-02-14
SESS00330,CUST049,HomePage,188,2024-02-22
SESS00331,CUST049,CategoryPage,524,2024-05-09
SESS00332,CUST049,PROD016,579,2024-07-13
SESS00333,CUST049,HomePage,365,2024-01-07
SESS00334,CUST049,HomePage,297,2024-05-29
SESS00335,CUST049,HomePage,129,2024-06-30
SESS00336,CUST049,PROD028,202,2024-05-17
SESS00337,CUST049,CategoryPage,362,2024-06-04
SESS00338,CUST049,CategoryPage,67,2024-06-21
SESS00339,CUST050,PROD046,46,2024-02-12
SESS00340,CUST050,PROD023,93,2024-03-22
SESS00341,CUST050,CategoryPage,340,2024-04-08
SESS00342,CUST051,HomePage,142,2023-09-23
SESS00343,CUST051,PROD039,131,2024-04-29
SESS00344,CUST051,HomePage,534,2024-02-06
SESS00345,CUST051,PROD038,34,2024-06-28
SESS00346,CUST051,HomePage,496,2024-08-09
SESS00347,CUST051,PROD035,220,2024-04-07
SESS00348,CUST051,HomePage,262,2023-10-31
SESS00349,CUST051,PROD044,430,2023-12-06
SESS00350,CUST052,CategoryPage,564,2023-10-04
SESS00351,CUST052,PROD004,333,2024-03-14
SESS00352,CUST052,PROD023,266,2024-05-07
SESS00353,CUST053,PROD032,390,2024-07-19
SESS00354,CUST053,PROD042,76,2024-04-29
SESS00355,CUST053,HomePage,364,2024-04-29
SESS00356,CUST053,HomePage,138,2024-05-30
SESS00357,CUST053,PROD016,32,2024-01-22
SESS00358,CUST053,PROD029,339,2024-01-09
SESS00359,CUST053,HomePage,498,2024-08-05
SESS00360,CUST053,HomePage,436,2024-07-06
SESS00361,CUST053,PROD009,206,2024-06-22
SESS00362,CUST054,HomePage,117,2024-02-19
SESS00363,CUST054,PROD039,575,2024-02-01
SESS00364,CUST055,CategoryPage,490,2024-05-18
SESS00365,CUST055,PROD040,122,2024-08-08
SESS00366,CUST055,HomePage,455,2023-09-22
SESS00367,CUST055,HomePage,360,2023-12-16
SESS00368,CUST055,PROD049,546,2023-09-09
SESS00369,CUST055,PROD034,425,2024-07-24
SESS00370,CUST055,HomePage,200,2023-10-14
SESS00371,CUST055,PROD040,160,2023-11-27
SESS00372,CUST055,CategoryPage,507,2024-05-31
SESS00373,CUST055,HomePage,139,2024-02-28
SESS00374,CUST055,CategoryPage,161,2023-12-15
SESS00375,CUST055,PROD024,390,2024-07-22
SESS00376,CUST055,PROD013,157,2023-12-06
SESS00377,CUST055,HomePage,27,2024-03-08
SESS00378,CUST056,CategoryPage,385,2024-03-22
SESS00379,CUST056,CategoryPage,551,2024-04-20
SESS00380,CUST056,PROD022,514,2023-10-14
SESS00381,CUST056,HomePage,57,2024-02-12
SESS00382,CUST056,PROD027,330,2024-07-29
SESS00383,CUST056,PROD029,336,2023-12-21
SESS00384,CUST056,PROD047,266,2024-03-08
SESS00385,CUST056,HomePage,106,2024-08-20
SESS00386,CUST056,HomePage,551,2023-11-13
SESS00387,CUST056,PROD034,509,2024-05-11
SESS00388,CUST057,PROD042,462,2023-08-31
SESS00389,CUST057,HomePage,242,2024-05-22
SESS00390,CUST057,CategoryPage,250,2023-11-12
SESS00391,CUST057,HomePage,517,2024-02-17
SESS00392,CUST057,PROD005,21,2023-10-26
SESS00393,CUST057,HomePage,373,2023-11-08
SESS00394,CUST057,HomePage,380,2024-02-25
SESS00395,CUST057,HomePage,374,2023-12-14
SESS00396,CUST057,PROD038,260,2024-07-03
SESS00397,CUST058,HomePage,138,2023-12-31
SESS00398,CUST058,HomePage,69,2024-05-05
SESS00399,CUST058,HomePage,64,2024-03-27
SESS00400,CUST058,HomePage,158,2023-12-28
SESS00401,CUST059,CategoryPage,548,2023-12-20
SESS00402,CUST059,PROD025,103,2024-01-11
SESS00403,CUST059,HomePage,321,2023-10-15
SESS00404,CUST059,CategoryPage,114,2024-08-20
SESS00405,CUST059,HomePage,285,2023-09-16
SESS00406,CUST059,CategoryPage,259,2024-06-15
SESS00407,CUST059,HomePage,451,2023-10-16
SESS00408,CUST059,PROD012,61,2024-08-03
SESS00409,CUST059,PROD048,66,2024-07-30
SESS00410,CUST060,CategoryPage,207,2024-07-05
SESS00411,CUST060,PROD039,146,2023-10-03
SESS00412,CUST060,HomePage,176,2024-07-20
SESS00413,CUST060,CategoryPage,377,2024-02-19
SESS00414,CUST060,HomePage,313,2023-12-16
SESS00415,CUST060,CategoryPage,573,2024-01-10
SESS00416,CUST060,PROD046,93,2024-08-22
SESS00417,CUST060,CategoryPage,34,2023-10-28
SESS00418,CUST060,CategoryPage,424,2024-06-18
SESS00419,CUST060,HomePage,378,2024-04-28
SESS00420,CUST060,HomePage,313,2024-03-17
SESS00421,CUST060,HomePage,194,2023-12-20
SESS00422,CUST060,PROD006,150,2024-02-10
SESS00423,CUST061,CategoryPage,302,2023-12-03
SESS00424,CUST061,CategoryPage,301,2024-05-19
SESS00425,CUST061,HomePage,583,2023-09-18
SESS00426,CUST061,HomePage,75,2023-10-08
SESS00427,CUST061,HomePage,358,2024-05-22
SESS00428,CUST062,PROD016,50,2024-05-31
SESS00429,CUST062,CategoryPage,57,2024-03-19
SESS00430,CUST062,HomePage,380,2023-10-20
SESS00431,CUST062,PROD008,487,2023-11-03
SESS00432,CUST062,CategoryPage,400,2023-11-26
SESS00433,CUST062,CategoryPage,257,2024-06-21
SESS00434,CUST062,CategoryPage,308,2024-04-20
SESS00435,CUST062,CategoryPage,417,2024-03-29
SESS00436,CUST063,HomePage,20,2024-04-12
SESS00437,CUST063,PROD041,557,2023-11-01
SESS00438,CUST063,CategoryPage,495,2023-12-17
SESS00439,CUST063,HomePage,416,2024-06-20
SESS00440,CUST063,CategoryPage,305,2023-12-24
SESS00441,CUST063,PROD020,535,2023-09-03
SESS00442,CUST063,CategoryPage,124,2023-12-28
SESS00443,CUST063,HomePage,486,2024-01-10
SESS00444,CUST063,PROD036,305,2024-01-08
SESS00445,CUST063,CategoryPage,252,2023-10-14
SESS00446,CUST063,HomePage,397,2024-02-20
SESS00447,CUST064,PROD027,62,2024-07-12
SESS00448,CUST064,PROD009,45,2024-03-28
SESS00449,CUST064,PROD002,75,2024-08-22
SESS00450,CUST064,PROD046,342,2024-03-22
SESS00451,CUST064,PROD050,404,2023-12-21
SESS00452,CUST064,CategoryPage,507,2024-02-28
SESS00453,CUST064,PROD047,251,2024-06-20
SESS00454,CUST064,CategoryPage,74,2023-09-17
SESS00455,CUST064,HomePage,121,2023-10-24
SESS00456,CUST064,CategoryPage,444,2024-02-01
SESS00457,CUST065,CategoryPage,499,2023-12-18
SESS00458,CUST065,PROD048,451,2023-12-17
SESS00459,CUST065,PROD023,313,2024-05-17
SESS00460,CUST065,CategoryPage,350,2023-09-27
SESS00461,CUST065,HomePage,347,2024-02-27
SESS00462,CUST065,HomePage,147,2024-06-28
SESS00463,CUST065,CategoryPage,528,2024-05-24
SESS00464,CUST065,CategoryPage,218,2024-06-04
SESS00465,CUST066,HomePage,199,2024-01-30
SESS00466,CUST066,HomePage,588,2024-06-27
SESS00467,CUST066,HomePage,462,2023-12-30
SESS00468,CUST066,HomePage,528,2023-10-19
SESS00469,CUST066,CategoryPage,591,2024-03-31
SESS00470,CUST066,HomePage,566,2024-02-02
SESS00471,CUST067,HomePage,99,2024-06-30
SESS00472,CUST067,CategoryPage,12,2024-01-05
SESS00473,CUST067,CategoryPage,159,2023-10-08
SESS00474,CUST067,PROD034,526,2023-10-30
SESS00475,CUST067,CategoryPage,385,2024-07-04
SESS00476,CUST067,PROD017,450,2024-07-29
SESS00477,CUST067,HomePage,460,2024-01-27
SESS00478,CUST067,CategoryPage,117,2023-11-17
SESS00479,CUST067,HomePage,579,2024-01-31
SESS00480,CUST067,PROD005,450,2024-05-03
SESS00481,CUST067,CategoryPage,503,2023-11-16
SESS00482,CUST067,PROD033,413,2024-01-30
SESS00483,CUST067,PROD003,112,2024-04-19
SESS00484,CUST067,CategoryPage,269,2024-04-02
SESS00485,CUST067,CategoryPage,574,2024-01-07
SESS00486,CUST068,PROD040,81,2023-12-13
SESS00487,CUST068,CategoryPage,457,2023-12-04
SESS00488,CUST068,CategoryPage,210,2023-10-25
SESS00489,CUST068,PROD002,452,2023-12-24
SESS00490,CUST068,PROD012,48,2024-02-27
SESS00491,CUST068,CategoryPage,450,2024-04-10
SESS00492,CUST068,CategoryPage,559,2023-10-11
SESS00493,CUST069,PROD039,26,2024-06-01
SESS00494,CUST069,CategoryPage,148,2024-07-27
SESS00495,CUST069,PROD047,314,2023-12-18
SESS00496,CUST069,HomePage,548,2024-01-07
SESS00497,CUST069,CategoryPage,542,2024-06-01
SESS00498,CUST069,CategoryPage,87,2024-05-11
SESS00499,CUST069,HomePage,139,2023-09-21
SESS00500,CUST069,HomePage,374,2024-03-06
SESS00501,CUST069,CategoryPage,208,2023-08-25
SESS00502,CUST069,PROD030,184,2024-05-04
SESS00503,CUST069,PROD050,76,2023-10-29
SESS00504,CUST069,HomePage,339,2024-04-21
SESS00505,CUST069,CategoryPage,336,2024-07-07
SESS00506,CUST070,PROD048,144,2024-01-02
SESS00507,CUST070,CategoryPage,410,2023-09-16
SESS00508,CUST070,PROD018,452,2024-01-11
SESS00509,CUST070,PROD039,518,2024-01-06
SESS00510,CUST070,CategoryPage,274,2023-09-20
SESS00511,CUST070,HomePage,431,2024-03-03
SESS00512,CUST070,CategoryPage,145,2023-11-22
SESS00513,CUST070,HomePage,404,2023-10-05
SESS00514,CUST070,PROD022,454,2024-04-03
SESS00515,CUST070,PROD014,193,2024-03-01
SESS00516,CUST070,CategoryPage,134,2024-05-10
SESS00517,CUST070,CategoryPage,384,2024-01-13
SESS00518,CUST070,CategoryPage,207,2023-12-19
SESS00519,CUST070,HomePage,215,2024-03-12
SESS00520,CUST070,PROD042,42,2024-03-26
SESS00521,CUST071,PROD031,484,2024-05-24
SESS00522,CUST071,PROD006,265,2023-12-28
SESS00523,CUST071,CategoryPage,158,2023-12-18
SESS00524,CUST071,PROD042,462,2024-04-03
SESS00525,CUST071,PROD030,561,2024-08-12
SESS00526,CUST071,HomePage,595,2024-03-30
SESS00527,CUST071,CategoryPage,172,2024-04-29
SESS00528,CUST071,HomePage,140,2023-12-11
SESS00529,CUST071,HomePage,263,2023-10-18
SESS00530,CUST072,CategoryPage,63,2024-01-15
SESS00531,CUST072,HomePage,481,2024-02-08
SESS00532,CUST072,PROD035,33,2024-04-30
SESS00533,CUST072,HomePage,63,2024-01-25
SESS00534,CUST072,HomePage,584,2023-10-25
SESS00535,CUST072,HomePage,205,2023-10-12
SESS00536,CUST072,PROD007,311,2024-02-17
SESS00537,CUST072,CategoryPage,52,2023-08-30
SESS00538,CUST072,CategoryPage,282,2023-09-16
SESS00539,CUST072,HomePage,133,2024-03-25
SESS00540,CUST072,CategoryPage,414,2024-01-17
SESS00541,CUST073,CategoryPage,179,2024-08-23
SESS00542,CUST073,HomePage,216,2024-05-22
SESS00543,CUST073,HomePage,334,2024-02-23
SESS00544,CUST073,HomePage,32,2024-06-09
SESS00545,CUST073,CategoryPage,92,2024-07-29
SESS00546,CUST073,PROD020,509,2023-11-02
SESS00547,CUST073,CategoryPage,558,2024-03-12
SESS00548,CUST073,PROD046,125,2024-07-25
SESS00549,CUST073,HomePage,197,2023-10-12
SESS00550,CUST073,CategoryPage,296,2023-09-22
SESS00551,CUST073,CategoryPage,468,2024-01-20
SESS00552,CUST073,CategoryPage,303,2024-05-06
SESS00553,CUST073,CategoryPage,208,2023-09-12
SESS00554,CUST073,PROD025,562,2024-04-23
SESS00555,CUST073,HomePage,322,2024-05-11
SESS00556,CUST074,CategoryPage,243,2024-04-21
SESS00557,CUST075,CategoryPage,236,2024-03-09
SESS00558,CUST075,HomePage,530,2024-01-13
SESS00559,CUST075,CategoryPage,258,2024-06-03
SESS00560,CUST075,CategoryPage,162,2024-05-17
SESS00561,CUST075,PROD009,529,2024-02-13
SESS00562,CUST075,PROD007,566,2024-07-10
SESS00563,CUST075,HomePage,501,2024-06-16
SESS00564,CUST075,CategoryPage,487,2024-08-22
SESS00565,CUST075,CategoryPage,495,2024-04-16
SESS00566,CUST075,HomePage,56,2024-02-16
SESS00567,CUST075,CategoryPage,189,2024-02-11
SESS00568,CUST075,PROD038,554,2024-06-25
SESS00569,CUST075,PROD025,408,2024-07-01
SESS00570,CUST076,PROD023,95,2023-10-16
SESS00571,CUST077,CategoryPage,379,2024-03-12
SESS00572,CUST077,CategoryPage,473,2023-09-06
SESS00573,CUST077,CategoryPage,378,2024-03-03
SESS00574,CUST077,PROD036,109,2024-06-12
SESS00575,CUST077,PROD047,50,2024-04-22
SESS00576,CUST077,HomePage,224,2023-09-12
SESS00577,CUST077,HomePage,114,2024-01-24
SESS00578,CUST077,CategoryPage,141,2024-05-21
SESS00579,CUST077,HomePage,195,2024-03-29
SESS00580,CUST077,HomePage,316,2024-06-30
SESS00581,CUST077,HomePage,23,2023-08-26
SESS00582,CUST078,PROD024,138,2023-11-29
SESS00583,CUST078,PROD036,57,2024-06-08
SESS00584,CUST078,CategoryPage,439,2024-02-08
SESS00585,CUST078,PROD032,146,2024-02-25
SESS00586,CUST078,CategoryPage,176,2023-09-27
SESS00587,CUST078,PROD014,197,2023-11-18
SESS00588,CUST078,HomePage,265,2024-04-25
SESS00589,CUST078,PROD029,487,2024-06-04
SESS00590,CUST078,PROD025,591,2024-06-22
SESS00591,CUST078,PROD019,152,2024-01-31
SESS00592,CUST078,HomePage,230,2023-12-20
SESS00593,CUST079,HomePage,506,2023-12-18
SESS00594,CUST079,HomePage,118,2024-07-08
SESS00595,CUST079,CategoryPage,458,2024-02-14
SESS00596,CUST079,PROD022,189,2024-05-10
SESS00597,CUST079,HomePage,327,2023-11-10
SESS00598,CUST079,CategoryPage,113,2023-12-16
SESS00599,CUST079,CategoryPage,381,2024-01-17
SESS00600,CUST079,CategoryPage,80,2024-08-14
SESS00601,CUST080,HomePage,515,2023-10-06
SESS00602,CUST080,CategoryPage,185,2024-07-13
SESS00603,CUST080,PROD015,494,2024-02-12
SESS00604,CUST080,CategoryPage,517,2024-04-12
SESS00605,CUST080,CategoryPage,153,2023-11-23
SESS00606,CUST080,CategoryPage,533,2024-05-23
SESS00607,CUST080,HomePage,408,2023-11-05
SESS00608,CUST080,HomePage,558,2023-09-06
SESS00609,CUST080,PROD029,551,2024-03-10
SESS00610,CUST080,CategoryPage,392,2023-10-25
SESS00611,CUST080,CategoryPage,529,2024-05-13
SESS00612,CUST080,CategoryPage,47,2023-11-18
SESS00613,CUST080,CategoryPage,183,2024-08-18
SESS00614,CUST080,PROD004,216,2024-04-06
SESS00615,CUST081,CategoryPage,484,2024-02-13
SESS00616,CUST081,CategoryPage,257,2023-09-12
SESS00617,CUST081,PROD026,354,2024-01-19
SESS00618,CUST081,HomePage,546,2023-12-24
SESS00619,CUST081,HomePage,406,2023-12-16
SESS00620,CUST081,PROD005,155,2024-06-30
SESS00621,CUST081,CategoryPage,121,2024-06-07
SESS00622,CUST081,PROD043,169,2024-01-29
SESS00623,CUST081,PROD043,229,2023-12-09
SESS00624,CUST081,PROD004,460,2024-02-02
SESS00625,CUST082,CategoryPage,201,2023-12-01
SESS00626,CUST083,CategoryPage,562,2024-06-28
SESS00627,CUST083,CategoryPage,482,2024-07-15
SESS00628,CUST083,PROD044,213,2024-05-03
SESS00629,CUST083,CategoryPage,141,2023-11-01
SESS00630,CUST083,PROD002,149,2024-04-25
SESS00631,CUST083,HomePage,105,2024-07-02
SESS00632,CUST083,PROD001,351,2024-02-07
SESS00633,CUST083,PROD046,481,2024-08-07
SESS00634,CUST083,CategoryPage,237,2023-08-27
SESS00635,CUST083,HomePage,588,2024-04-21
SESS00636,CUST083,CategoryPage,288,2023-12-23
SESS00637,CUST083,PROD037,549,2023-12-25
SESS00638,CUST083,HomePage,291,2023-10-26
SESS00639,CUST084,CategoryPage,425,2024-01-12
SESS00640,CUST084,CategoryPage,283,2024-02-23
SESS00641,CUST085,HomePage,44,2023-12-26
SESS00642,CUST085,PROD016,257,2024-06-02
SESS00643,CUST085,PROD036,366,2023-08-25
SESS00644,CUST085,HomePage,275,2023-11-25
SESS00645,CUST085,PROD048,402,2023-11-17
SESS00646,CUST085,PROD012,470,2024-05-20
SESS00647,CUST085,CategoryPage,94,2024-01-02
SESS00648,CUST085,CategoryPage,455,2024-01-10
SESS00649,CUST085,HomePage,392,2024-06-07
SESS00650,CUST085,HomePage,471,2024-02-02
SESS00651,CUST085,HomePage,275,2024-06-25
SESS00652,CUST086,HomePage,106,2023-08-28
SESS00653,CUST086,HomePage,298,2024-02-27
SESS00654,CUST086,PROD011,331,2024-05-19
SESS00655,CUST087,CategoryPage,394,2024-07-11
SESS00656,CUST087,CategoryPage,588,2024-01-18
SESS00657,CUST087,HomePage,246,2024-07-13
SESS00658,CUST087,CategoryPage,291,2023-10-16
SESS00659,CUST087,HomePage,350,2023-11-26
SESS00660,CUST087,PROD022,32,2024-05-04
SESS00661,CUST087,PROD047,184,2024-06-13
SESS00662,CUST087,PROD012,43,2024-07-23
SESS00663,CUST087,CategoryPage,414,2023-11-19
SESS00664,CUST087,PROD048,594,2023-09-13
SESS00665,CUST087,HomePage,313,2024-07-14
SESS00666,CUST087,CategoryPage,112,2024-02-17
SESS00667,CUST088,PROD049,419,2024-08-20
SESS00668,CUST088,HomePage,263,2024-01-01
SESS00669,CUST088,HomePage,12,2024-06-30
SESS00670,CUST088,PROD044,215,2024-06-20
SESS00671,CUST088,CategoryPage,364,2023-12-16
SESS00672,CUST088,CategoryPage,539,2024-08-12
SESS00673,CUST088,PROD021,374,2023-12-08
SESS00674,CUST088,HomePage,486,2024-01-06
SESS00675,CUST088,PROD017,423,2023-11-03
SESS00676,CUST088,CategoryPage,269,2024-08-17
SESS00677,CUST088,CategoryPage,506,2023-11-03
SESS00678,CUST088,CategoryPage,201,2024-08-23
SESS00679,CUST089,CategoryPage,250,2024-07-22
SESS00680,CUST089,PROD025,596,2024-04-13
SESS00681,CUST090,CategoryPage,274,2024-08-12
SESS00682,CUST090,PROD010,569,2023-11-15
SESS00683,CUST090,HomePage,83,2023-12-27
SESS00684,CUST090,PROD042,138,2023-12-31
SESS00685,CUST090,HomePage,359,2023-12-28
SESS00686,CUST091,CategoryPage,498,2024-04-23
SESS00687,CUST091,CategoryPage,89,2023-10-03
SESS00688,CUST091,PROD020,287,2023-11-03
SESS00689,CUST091,HomePage,591,2024-01-12
SESS00690,CUST091,PROD010,235,2024-02-10
SESS00691,CUST091,CategoryPage,263,2023-10-22
SESS00692,CUST091,PROD004,241,2024-05-12
SESS00693,CUST092,HomePage,372,2023-10-14
SESS00694,CUST092,PROD015,31,2024-04-12
SESS00695,CUST092,CategoryPage,159,2023-12-16
SESS00696,CUST092,CategoryPage,291,2023-12-11
SESS00697,CUST092,HomePage,409,2024-08-01
SESS00698,CUST092,CategoryPage,119,2024-03-19
SESS00699,CUST092,CategoryPage,262,2024-05-09
SESS00700,CUST092,PROD049,289,2024-01-04
SESS00701,CUST092,CategoryPage,442,2023-12-20
SESS00702,CUST092,CategoryPage,413,2024-04-22
SESS00703,CUST092,HomePage,193,2023-11-27
SESS00704,CUST093,HomePage,40,2024-05-05
SESS00705,CUST093,HomePage,434,2024-07-17
SESS00706,CUST093,CategoryPage,203,2023-09-24
SESS00707,CUST093,CategoryPage,541,2024-02-06
SESS00708,CUST093,PROD006,200,2023-09-16
SESS00709,CUST093,HomePage,362,2024-05-13
SESS00710,CUST093,PROD022,78,2024-05-06
SESS00711,CUST093,HomePage,523,2023-12-11
SESS00712,CUST093,CategoryPage,70,2024-04-01
SESS00713,CUST094,CategoryPage,35,2023-12-14
SESS00714,CUST094,HomePage,13,2023-11-15
SESS00715,CUST094,HomePage,340,2024-05-03
SESS00716,CUST094,PROD020,534,2023-12-08
SESS00717,CUST094,HomePage,92,2023-10-27
SESS00718,CUST094,HomePage,475,2024-02-24
SESS00719,CUST094,HomePage,455,2023-09-27
SESS00720,CUST094,CategoryPage,400,2023-11-12
SESS00721,CUST094,CategoryPage,114,2024-06-14
SESS00722,CUST094,HomePage,45,2023-11-12
SESS00723,CUST094,PROD017,510,2024-02-26
SESS00724,CUST095,CategoryPage,257,2023-11-25
SESS00725,CUST095,CategoryPage,265,2024-01-29
SESS00726,CUST095,CategoryPage,579,2023-12-27
SESS00727,CUST095,PROD011,206,2024-05-05
SESS00728,CUST095,HomePage,428,2024-02-21
SESS00729,CUST095,HomePage,398,2023-12-21
SESS00730,CUST095,CategoryPage,161,2024-02-09
SESS00731,CUST095,PROD050,559,2024-05-12
SESS00732,CUST095,HomePage,455,2023-10-24
SESS00733,CUST096,HomePage,235,2024-03-16
SESS00734,CUST096,CategoryPage,499,2024-01-31
SESS00735,CUST096,PROD037,127,2024-06-08
SESS00736,CUST096,HomePage,87,2023-12-02
SESS00737,CUST096,HomePage,429,2024-08-11
SESS00738,CUST096,HomePage,225,2024-05-14
SESS00739,CUST096,CategoryPage,334,2024-04-06
SESS00740,CUST096,CategoryPage,233,2023-09-26
SESS00741,CUST096,CategoryPage,523,2024-06-12
SESS00742,CUST096,HomePage,70,2024-08-02
SESS00743,CUST096,HomePage,331,2024-02-28
SESS00744,CUST097,HomePage,522,2023-10-17
SESS00745,CUST097,PROD036,320,2023-11-25
SESS00746,CUST097,CategoryPage,453,2024-02-06
SESS00747,CUST097,HomePage,23,2024-04-11
SESS00748,CUST097,CategoryPage,510,2023-10-02
SESS00749,CUST097,HomePage,272,2023-12-22
SESS00750,CUST097,PROD016,261,2023-08-27
SESS00751,CUST097,CategoryPage,518,2024-03-13
SESS00752,CUST097,HomePage,117,2024-02-26
SESS00753,CUST097,CategoryPage,206,2024-01-12
SESS00754,CUST097,PROD021,513,2023-12-08
SESS00755,CUST098,CategoryPage,176,2024-05-31
SESS00756,CUST098,CategoryPage,470,2023-09-02
SESS00757,CUST098,HomePage,393,2024-06-12
SESS00758,CUST098,CategoryPage,368,2023-10-17
SESS00759,CUST098,PROD017,526,2024-04-13
SESS00760,CUST098,PROD047,386,2024-03-11
SESS00761,CUST098,PROD014,76,2024-01-05
SESS00762,CUST098,PROD022,223,2024-02-01
SESS00763,CUST098,CategoryPage,595,2023-09-13
SESS00764,CUST098,CategoryPage,575,2024-06-21
SESS00765,CUST098,HomePage,403,2023-10-05
SESS00766,CUST098,PROD017,424,2024-06-13
SESS00767,CUST098,PROD036,49,2024-05-27
SESS00768,CUST098,HomePage,247,2023-12-30
SESS00769,CUST099,PROD009,31,2024-03-26
SESS00770,CUST099,CategoryPage,369,2023-12-16
SESS00771,CUST099,CategoryPage,384,2024-02-11
SESS00772,CUST099,HomePage,447,2023-08-29
SESS00773,CUST099,PROD016,596,2024-04-17
SESS00774,CUST100,HomePage,461,2024-08-03
